,graph_name,avg_gap,avg_bandwidth,max_bandwidth,avg_aid,aid_in,aid_out,reordering_strategy,avg_gap_random,avg_bandwidth_random,max_bandwidth_random,avg_aid_random,aid_in_random,aid_out_random,avg_gap_speedup,avg_bandwidth_speedup,max_bandwidth_speedup,avg_aid_speedup,aid_in_speedup,aid_out_speedup,reordering_time
0,com-lj.ungraph,1332571.1220000002,2283348.9346666667,3997541.6666666665,1332939.8216666665,340535.556,181662.80000000002,random,1332571.1220000002,2283348.9346666667,3997541.6666666665,1332939.8216666665,340535.556,181662.80000000002,1.0,1.0,1.0,1.0,1.0,1.0,0.0
1,com-lj.ungraph,308189.072,868968.743,3995737.0,219933.356,120234.99,53119.553,metis-8192,1332571.1220000002,2283348.9346666667,3997541.6666666665,1332939.8216666665,340535.556,181662.80000000002,4.323875318979513,2.6276537022306528,1.0004516480105339,6.060653308389777,2.8322500463467413,3.4198857057400316,89.535
2,com-lj.ungraph,782090.589,2060150.829,3997932.0,1250343.664,176559.551,98417.018,hubsort,1332571.1220000002,2283348.9346666667,3997541.6666666665,1332939.8216666665,340535.556,181662.80000000002,1.7038577637200032,1.1083406625013992,0.9999023661899868,1.0660587645179338,1.9287291685511818,1.8458474326056091,31.092
3,com-lj.ungraph,805612.192,2367700.023,3997632.0,1505911.551,126208.437,135118.036,degsort,1332571.1220000002,2283348.9346666667,3997541.6666666665,1332939.8216666665,340535.556,181662.80000000002,1.6541099243939945,0.9643742503214339,0.999977403289414,0.8851381880838409,2.6981996140242193,1.344474841241772,30.452
4,com-lj.ungraph,627578.248,1336638.62,3995496.0,504351.804,181197.056,51009.326,dfs,1332571.1220000002,2283348.9346666667,3997541.6666666665,1332939.8216666665,340535.556,181662.80000000002,2.123354539846958,1.7082769422498554,1.0005119931709772,2.6428770772606707,1.8793658325221352,3.5613644453957303,6.937
5,com-lj.ungraph,631122.921,1343862.392,3997556.0,510705.808,181510.659,50904.962,slashburn,1332571.1220000002,2283348.9346666667,3997541.6666666665,1332939.8216666665,340535.556,181662.80000000002,2.1114288162574915,1.6990943033002643,0.9999964144759114,2.6099954235622604,1.8761187793384628,3.5686658601179198,20.219
6,com-lj.ungraph,601345.079,1575199.246,3994858.0,910936.442,193979.376,100361.138,bfs,1332571.1220000002,2283348.9346666667,3997541.6666666665,1332939.8216666665,340535.556,181662.80000000002,2.2159840805814595,1.449561977930674,1.0006717802401655,1.46326325329585,1.7555245460733928,1.8100910732997069,6.982
7,com-lj.ungraph,623608.197,1897087.996,3995811.0,1050852.278,188636.807,111394.372,gorder,1332571.1220000002,2283348.9346666667,3997541.6666666665,1332939.8216666665,340535.556,181662.80000000002,2.1368723637864564,1.2036072862624696,1.0004331202518504,1.2684369150377068,1.8052444876253657,1.630807703642335,133.318
8,com-lj.ungraph,336973.567,968782.977,3995395.0,242456.968,125689.541,57065.998,metis-65536,1332571.1220000002,2283348.9346666667,3997541.6666666665,1332939.8216666665,340535.556,181662.80000000002,3.954527157318545,2.3569251203581656,1.000537285216272,5.497634622184447,2.7093388462608834,3.1833807585385614,182.077
9,com-lj.ungraph,854672.177,1708329.996,3997876.0,807270.97,247499.54,79626.381,rcm,1332571.1220000002,2283348.9346666667,3997541.6666666665,1332939.8216666665,340535.556,181662.80000000002,1.559160527112842,1.3365971094654165,0.9999163722603369,1.6511677877710214,1.3759037935989697,2.2814398660162647,9.326
10,com-lj.ungraph,356822.319,965011.37,3995845.0,253428.077,136053.97,59398.191,metis-128,1332571.1220000002,2283348.9346666667,3997541.6666666665,1332939.8216666665,340535.556,181662.80000000002,3.734550926451437,2.3661368204052007,1.000424607727944,5.259637517064325,2.5029446476277024,3.0583894381564587,56.81
11,com-lj.ungraph,733727.421,1837829.24,3991382.0,1029842.342,183478.555,169847.064,minla,1332571.1220000002,2283348.9346666667,3997541.6666666665,1332939.8216666665,340535.556,181662.80000000002,1.8161664452772308,1.242416262060705,1.0015432415806522,1.2943144472755292,1.8559965005174583,1.0695669134439674,37.012
12,com-lj.ungraph,696084.15,2007474.719,3997961.0,1200321.072,162400.602,93433.293,hubcluster,1332571.1220000002,2283348.9346666667,3997541.6666666665,1332939.8216666665,340535.556,181662.80000000002,1.9143822223218272,1.137423506784728,0.9998951132006206,1.1104860630711868,2.096886044794341,1.944304799360973,29.556
13,com-lj.ungraph,303483.475,864584.81,3984763.0,249128.949,118762.313,52648.205,metis-16,1332571.1220000002,2283348.9346666667,3997541.6666666665,1332939.8216666665,340535.556,181662.80000000002,4.390918227096221,2.6409773896752435,1.0032068824837679,5.350401175845151,2.867370526877495,3.4505032032905967,50.853
14,com-lj.ungraph,1307231.468,2237673.6,3997536.0,1280527.067,330018.257,158160.664,ldg,1332571.1220000002,2283348.9346666667,3997541.6666666665,1332939.8216666665,340535.556,181662.80000000002,1.0193842135997295,1.0204119736974449,1.0000014175398713,1.040930610541063,1.031868839910878,1.1485965941569392,14.502
15,com-lj.ungraph,309011.537,801696.764,3996263.0,198390.018,102814.53,45530.375,rabbit,1332571.1220000002,2283348.9346666667,3997541.6666666665,1332939.8216666665,340535.556,181662.80000000002,4.312366893926035,2.8481453801485803,1.0003199655945234,6.718784720643891,3.3121345397386923,3.989925406939873,6.891
16,com-lj.ungraph,343012.872,937142.122,3994038.0,243966.215,132679.841,58634.93,metis-1024,1332571.1220000002,2283348.9346666667,3997541.6666666665,1332939.8216666665,340535.556,181662.80000000002,3.884901211520716,2.4365022989188256,1.000877224169291,5.463624632069102,2.5665960513172457,3.0982010211319433,62.484
17,com-orkut.ungraph,1024127.2843333334,2159071.645666667,3072027.6666666665,1024421.762,157237.574,160302.05133333334,random,1024127.2843333334,2159071.645666667,3072027.6666666665,1024421.762,157237.574,160302.05133333334,1.0,1.0,1.0,1.0,1.0,1.0,0.0
18,com-orkut.ungraph,640882.32,1987433.096,3069202.0,798852.034,122165.284,116725.557,bfs,1024127.2843333334,2159071.645666667,3072027.6666666665,1024421.762,157237.574,160302.05133333334,1.5979958447493658,1.0863619258490333,1.0009206519045233,1.2823673451396633,1.287088842686274,1.3733243640322346,21.08
19,com-orkut.ungraph,771029.157,2155932.779,3070083.0,989664.533,98165.478,87316.135,hubcluster,1024127.2843333334,2159071.645666667,3072027.6666666665,1024421.762,157237.574,160302.05133333334,1.3282601248415997,1.001455920470824,1.000633424785801,1.0351202128004318,1.601760386680947,1.8358812072171238,40.938
20,com-orkut.ungraph,621800.065,1976112.963,3072440.0,683683.954,89621.124,59703.064,dfs,1024127.2843333334,2159071.645666667,3072027.6666666665,1024421.762,157237.574,160302.05133333334,1.647036309546435,1.0925851335891807,0.9998657961316304,1.498384971603414,1.754470006423932,2.684988685561152,22.408
21,com-orkut.ungraph,622454.562,1966018.678,3071884.0,682535.249,89201.916,58985.172,slashburn,1024127.2843333334,2159071.645666667,3072027.6666666665,1024421.762,157237.574,160302.05133333334,1.6453044878371914,1.0981948797470513,1.0000467682590444,1.5009067495062076,1.762715208942373,2.7176669304843823,51.606
22,com-orkut.ungraph,844070.536,2149953.842,3072403.0,1017497.24,99013.863,93473.343,hubsort,1024127.2843333334,2159071.645666667,3072027.6666666665,1024421.762,157237.574,160302.05133333334,1.2133195516889046,1.0042409299625636,0.9998778372064688,1.006805445487007,1.588035950077011,1.7149493768863424,42.293
23,com-orkut.ungraph,224552.925,956565.328,3070524.0,221799.068,59041.129,47451.773,metis-16,1024127.2843333334,2159071.645666667,3072027.6666666665,1024421.762,157237.574,160302.05133333334,4.560739007667495,2.2571084090836573,1.0004897101167964,4.618692816148353,2.663187114866994,3.378209942404751,189.089
24,com-orkut.ungraph,1019474.52,2156008.014,3072166.0,1015126.933,157226.372,157212.008,ldg,1024127.2843333334,2159071.645666667,3072027.6666666665,1024421.762,157237.574,160302.05133333334,1.0045638848662284,1.001420974155371,0.9999549720512064,1.009156321931614,1.0000712475894311,1.0196552628049464,38.123
25,com-orkut.ungraph,222547.34,1146272.446,3071503.0,229942.631,64153.235,54748.526,metis-65536,1024127.2843333334,2159071.645666667,3072027.6666666665,1024421.762,157237.574,160302.05133333334,4.60184014930636,1.8835588809631623,1.0001708175660797,4.4551189031145775,2.450968746938482,2.927970176463442,690.231
26,com-orkut.ungraph,223506.377,1005760.075,3068902.0,214385.423,59236.165,50717.958,metis-128,1024127.2843333334,2159071.645666667,3072027.6666666665,1024421.762,157237.574,160302.05133333334,4.582094247509248,2.146706455480117,1.0010184967348799,4.778411459439572,2.6544185296262848,3.160656652094182,232.843
27,com-orkut.ungraph,229731.65,1076276.086,3070236.0,232626.366,63061.007,54529.861,metis-8192,1024127.2843333334,2159071.645666667,3072027.6666666665,1024421.762,157237.574,160302.05133333334,4.457928562883405,2.006057436146237,1.000583559917435,4.403721640048317,2.493419967112165,2.939711350691566,361.219
28,com-orkut.ungraph,698932.57,1956523.27,3070612.0,742089.901,145952.292,99255.79,rcm,1024127.2843333334,2159071.645666667,3072027.6666666665,1024421.762,157237.574,160302.05133333334,1.4652733729855134,1.1035246443384579,1.0004610373002731,1.3804550642982003,1.0773217182502348,1.6150398010366283,28.751
29,com-orkut.ungraph,726719.321,2137329.659,3071986.0,1046330.094,94560.301,109424.829,degsort,1024127.2843333334,2159071.645666667,3072027.6666666665,1024421.762,157237.574,160302.05133333334,1.4092473596602413,1.0101725003324191,1.000013563429868,0.9790617395737449,1.6628286113429354,1.4649513533471763,42.839
30,com-orkut.ungraph,215905.64,1028252.926,3071507.0,210207.058,60059.509,49980.427,metis-1024,1024127.2843333334,2159071.645666667,3072027.6666666665,1024421.762,157237.574,160302.05133333334,4.743402184089926,2.099747631223047,1.0001695150512977,4.873393746845551,2.6180296279145407,3.2072965549760775,288.102
31,com-orkut.ungraph,723029.115,2023162.705,3072421.0,841765.424,135163.777,121967.464,gorder,1024127.2843333334,2159071.645666667,3072027.6666666665,1024421.762,157237.574,160302.05133333334,1.4164398958309354,1.0671764758863853,0.9998719793500521,1.2169919704375978,1.163311483963636,1.314301749631634,613.165
32,com-orkut.ungraph,397454.695,1492333.78,3072428.0,334382.231,78566.671,70828.569,rabbit,1024127.2843333334,2159071.645666667,3072027.6666666665,1024421.762,157237.574,160302.05133333334,2.576714521722616,1.4467752955821096,0.9998697013133152,3.0636249986620845,2.0013266694219487,2.263240011715235,17.074
33,com-orkut.ungraph,442133.885,1899943.31,3071758.0,664322.719,68911.394,161089.132,minla,1024127.2843333334,2159071.645666667,3072027.6666666665,1024421.762,157237.574,160302.05133333334,2.3163284224038456,1.1363874039308397,1.000087789033728,1.5420543851669777,2.281735499357334,0.9951140051666137,275.548
34,ogbn-products,800155.4380000001,1611304.159,2400397.0,800141.9116666666,122918.59833333333,122918.59833333333,random,800155.4380000001,1611304.159,2400397.0,800141.9116666666,122918.59833333333,122918.59833333333,1.0,1.0,1.0,1.0,1.0,1.0,0.0
35,ogbn-products,114974.743,593163.225,2389611.0,85090.776,21978.076,21978.076,rabbit,800155.4380000001,1611304.159,2400397.0,800141.9116666666,122918.59833333333,122918.59833333333,6.959401840106745,2.716459974402493,1.0045137053687818,9.403391874892135,5.592782477107337,5.592782477107337,14.576
36,ogbn-products,111666.78,669736.741,2394688.0,222328.808,43200.881,43200.881,minla,800155.4380000001,1611304.159,2400397.0,800141.9116666666,122918.59833333333,122918.59833333333,7.165563814054638,2.4058769070875865,1.0023840266456423,3.598912434535549,2.845279899114403,2.845279899114403,475.87
37,ogbn-products,77185.301,491691.132,2399329.0,72476.088,21235.911,21235.911,metis-128,800155.4380000001,1611304.159,2400397.0,800141.9116666666,122918.59833333333,122918.59833333333,10.36668157840053,3.2770657311753184,1.0004451244493773,11.040081408183436,5.788242300192977,5.788242300192977,122.149
38,ogbn-products,741358.729,1566556.307,2400607.0,964088.761,79555.133,79555.133,slashburn,800155.4380000001,1611304.159,2400397.0,800141.9116666666,122918.59833333333,122918.59833333333,1.0793093905824909,1.0285644708715855,0.9999125221246127,0.8299463120353361,1.5450743867568335,1.5450743867568335,79.903
39,ogbn-products,282391.805,830345.89,1127723.0,361855.826,59562.973,59562.973,rcm,800155.4380000001,1611304.159,2400397.0,800141.9116666666,122918.59833333333,122918.59833333333,2.8334938331514263,1.9405216288840785,2.1285342233864166,2.2112174357161423,2.0636746646836004,2.0636746646836004,49.788
40,ogbn-products,92943.737,417461.014,2394781.0,90776.519,21794.676,21794.676,metis-16,800155.4380000001,1611304.159,2400397.0,800141.9116666666,122918.59833333333,122918.59833333333,8.609030192104285,3.859771583365147,1.0023450996145369,8.814415010413283,5.639845177479735,5.639845177479735,119.892
41,ogbn-products,593425.577,1578869.819,2400427.0,804371.996,108656.174,108656.174,hubcluster,800155.4380000001,1611304.159,2400397.0,800141.9116666666,122918.59833333333,122918.59833333333,1.3483669545305088,1.0205427576166748,0.9999875022235627,0.9947411342583172,1.1312619781121074,1.1312619781121074,43.054
42,ogbn-products,783170.246,1585851.892,2400511.0,770467.978,118015.288,118015.288,ldg,800155.4380000001,1611304.159,2400397.0,800141.9116666666,122918.59833333333,122918.59833333333,1.0216877391432464,1.016049586426322,0.9999525101113887,1.038514168679268,1.04154809445818,1.04154809445818,62.551
43,ogbn-products,626229.173,1593282.645,2400581.0,842937.228,109044.406,109044.406,hubsort,800155.4380000001,1611304.159,2400397.0,800141.9116666666,122918.59833333333,122918.59833333333,1.2777358074309964,1.0113109334721964,0.9999233518885636,0.9492307197834031,1.1272343336285708,1.1272343336285708,44.257
44,ogbn-products,84429.276,549063.662,2396828.0,86300.685,25231.85,25231.85,metis-8192,800155.4380000001,1611304.159,2400397.0,800141.9116666666,122918.59833333333,122918.59833333333,9.477227283104975,2.934639952552533,1.0014890513628847,9.271559219566642,4.871565039160162,4.871565039160162,151.73
45,ogbn-products,298429.905,874065.098,1181945.0,382071.415,63373.248,63373.248,bfs,800155.4380000001,1611304.159,2400397.0,800141.9116666666,122918.59833333333,122918.59833333333,2.681217346498837,1.8434601297854363,2.0308872240248066,2.094220819075582,1.9395975780400798,1.9395975780400798,30.879
46,ogbn-products,68834.553,502612.939,2394222.0,81320.362,23234.972,23234.972,metis-65536,800155.4380000001,1611304.159,2400397.0,800141.9116666666,122918.59833333333,122918.59833333333,11.624328235268704,3.2058549113475965,1.0025791259123005,9.839379609090608,5.290240863356036,5.290240863356036,414.629
47,ogbn-products,641897.701,1403810.131,2385900.0,736817.089,81841.983,81841.983,dfs,800155.4380000001,1611304.159,2400397.0,800141.9116666666,122918.59833333333,122918.59833333333,1.2465466642947207,1.147807757913951,1.00607611383545,1.0859437486074195,1.5019015159167555,1.5019015159167555,42.587
48,ogbn-products,478798.939,1361014.231,2400124.0,756797.645,89269.707,89269.707,degsort,800155.4380000001,1611304.159,2400397.0,800141.9116666666,122918.59833333333,122918.59833333333,1.6711721201203416,1.1838995671750623,1.0001137441232204,1.0572732578556936,1.376935160471999,1.376935160471999,42.831
49,ogbn-products,78068.784,500671.097,2388071.0,75959.9,22790.743,22790.743,metis-1024,800155.4380000001,1611304.159,2400397.0,800141.9116666666,122918.59833333333,122918.59833333333,10.249364688452173,3.218288750149282,1.0051614880797095,10.533740982632503,5.3933563435528775,5.3933563435528775,128.934
50,ogbn-products,441064.215,1300491.711,2400416.0,629170.067,77353.609,77353.609,gorder,800155.4380000001,1611304.159,2400397.0,800141.9116666666,122918.59833333333,122918.59833333333,1.8141472619808887,1.2389961007602301,0.9999920847053178,1.2717418606417374,1.589048008520628,1.589048008520628,342.564
51,out.dimacs9-USA,7983103.242,11286829.368,23942169.0,7983073.917666666,3153858.488,3153858.488,random,7983103.242,11286829.368,23942169.0,7983073.917666666,3153858.488,3153858.488,1.0,1.0,1.0,1.0,1.0,1.0,0.0
52,out.dimacs9-USA,187755.715,443233.949,23928845.0,174588.778,171853.222,171853.222,metis-1024,7983103.242,11286829.368,23942169.0,7983073.917666666,3153858.488,3153858.488,42.51856324053838,25.46472217090934,1.0005568175145938,45.72501170531514,18.35204746990429,18.35204746990429,63.123
53,out.dimacs9-USA,4895.129,5310.169,9443.0,4942.778,3040.364,3040.364,rcm,7983103.242,11286829.368,23942169.0,7983073.917666666,3153858.488,3153858.488,1630.825917355804,2125.5122705134245,2535.4409615588265,1615.098618158992,1037.3292434721632,1037.3292434721632,20.588
54,out.dimacs9-USA,751566.625,1651552.789,23947346.0,820801.248,452203.34,452203.34,dfs,7983103.242,11286829.368,23942169.0,7983073.917666666,3153858.488,3153858.488,10.621950172414854,6.834071210544878,0.9997838173800137,9.72595246062134,6.9744254608999565,6.9744254608999565,14.48
55,out.dimacs9-USA,4782.543,5187.822,9473.0,4827.954,2971.02,2971.02,bfs,7983103.242,11286829.368,23942169.0,7983073.917666666,3153858.488,3153858.488,1669.2172432114046,2175.6392890889474,2527.4114852739363,1653.510766189294,1061.5406453002672,1061.5406453002672,14.603
56,out.dimacs9-USA,5077200.042,8749329.438,23858188.0,5990739.175,1955136.37,1955136.37,hubcluster,7983103.242,11286829.368,23942169.0,7983073.917666666,3153858.488,3153858.488,1.5723436492479252,1.290022218043266,1.0035200074708104,1.3325691011521406,1.613114326137772,1.613114326137772,140.931
57,out.dimacs9-USA,180485.071,427456.398,23924995.0,167977.371,165914.044,165914.044,metis-8192,7983103.242,11286829.368,23942169.0,7983073.917666666,3153858.488,3153858.488,44.23137713146369,26.40463312938879,1.0007178266912908,47.524698536129996,19.008990510773156,19.008990510773156,65.666
58,out.dimacs9-USA,191399.499,449829.975,23902007.0,178171.05,174158.06,174158.06,metis-128,7983103.242,11286829.368,23942169.0,7983073.917666666,3153858.488,3153858.488,41.709112530122134,25.091323378349788,1.0016802773089306,44.80567363590587,18.109173287759408,18.109173287759408,61.926
59,out.dimacs9-USA,7031.564,16423.292,23918487.0,6218.285,6079.035,6079.035,rabbit,7983103.242,11286829.368,23942169.0,7983073.917666666,3153858.488,3153858.488,1135.323982260561,687.2452470552189,1.000990112794342,1283.8063738903356,518.8090688735958,518.8090688735958,13.951
60,out.dimacs9-USA,7504549.181,10349304.355,23936465.0,7583476.52,2628617.802,2628617.802,ldg,7983103.242,11286829.368,23942169.0,7983073.917666666,3153858.488,3153858.488,1.0637685288560172,1.0905882154820443,1.0002382975096782,1.0526931673900226,1.199816301023438,1.199816301023438,32.941
61,out.dimacs9-USA,218701.292,516205.511,23895927.0,201787.944,198813.35,198813.35,metis-65536,7983103.242,11286829.368,23942169.0,7983073.917666666,3153858.488,3153858.488,36.50231404211366,21.864991999281465,1.0019351414992186,39.56169907587079,15.863414041360903,15.863414041360903,84.326
62,out.dimacs9-USA,5073.984,11505.46,20442805.0,5411.834,4387.971,4387.971,minla,7983103.242,11286829.368,23942169.0,7983073.917666666,3153858.488,3153858.488,1573.340247426874,980.9976626749389,1.171178270300969,1475.1143360396247,718.7509871874723,718.7509871874723,48.581
63,out.dimacs9-USA,195933.567,459903.026,23889247.0,182904.203,177695.105,177695.105,metis-16,7983103.242,11286829.368,23942169.0,7983073.917666666,3153858.488,3153858.488,40.74392848674061,24.541759305580218,1.0022153063258963,43.64620269369461,17.748707754217538,17.748707754217538,63.91
64,out.dimacs9-USA,5887943.617,9830329.061,23933809.0,6929350.405,2278106.434,2278106.434,degsort,7983103.242,11286829.368,23942169.0,7983073.917666666,3153858.488,3153858.488,1.3558389416214411,1.148163942220245,1.00034929667902,1.1520667091544876,1.3844210441310751,1.3844210441310751,148.596
65,out.dimacs9-USA,11444086.676,13479276.871,23947344.0,11293622.344,2124975.531,2124975.531,slashburn,7983103.242,11286829.368,23942169.0,7983073.917666666,3153858.488,3153858.488,0.6975745175665077,0.8373468010203914,0.9997839008785275,0.7068656693578796,1.484185790372755,1.484185790372755,43.759
66,out.dimacs9-USA,543371.184,1126011.598,23855473.0,657498.347,295218.106,295218.106,gorder,7983103.242,11286829.368,23942169.0,7983073.917666666,3153858.488,3153858.488,14.691804565771745,10.023723901287916,1.0036342184453857,12.141587814009617,10.683147218619442,10.683147218619442,47.952
67,out.dimacs9-USA,5903102.8,9494218.036,23943088.0,6527184.11,2287824.28,2287824.28,hubsort,7983103.242,11286829.368,23942169.0,7983073.917666666,3153858.488,3153858.488,1.352357143771916,1.1888108452115604,0.9999616173151934,1.2230502132514025,1.3785405267226205,1.3785405267226205,147.938
68,out.wikipedia_link_de,1199059.9303333333,2094529.9239999999,3603584.0,1199647.1789999998,184503.0103333333,105027.21566666667,random,1199059.9303333333,2094529.9239999999,3603584.0,1199647.1789999998,184503.0103333333,105027.21566666667,1.0,1.0,1.0,1.0,1.0,1.0,0.0
69,out.wikipedia_link_de,608019.881,1860148.605,3602291.0,1174784.726,140887.058,52514.695,bfs,1199059.9303333333,2094529.9239999999,3603584.0,1199647.1789999998,184503.0103333333,105027.21566666667,1.9720735584521671,1.1260013949261864,1.0003589382423574,1.021163411857297,1.3095809718259097,1.9999585957162405,26.199
70,out.wikipedia_link_de,388250.152,1364826.354,3602871.0,362201.292,97749.485,70685.72,metis-65536,1199059.9303333333,2094529.9239999999,3603584.0,1199647.1789999998,184503.0103333333,105027.21566666667,3.0883695065065506,1.534649384415389,1.0001978977321142,3.3121007724069624,1.887508771359085,1.485833569590388,491.129
71,out.wikipedia_link_de,366560.738,1288005.829,3602781.0,315563.399,101661.099,70529.023,metis-1024,1199059.9303333333,2094529.9239999999,3603584.0,1199647.1789999998,184503.0103333333,105027.21566666667,3.2711084577021263,1.6261804697158713,1.000222883378146,3.8016043140668536,1.8148830983357096,1.4891347022723775,164.975
72,out.wikipedia_link_de,323520.213,1649299.237,3602694.0,828989.608,87395.287,59748.492,minla,1199059.9303333333,2094529.9239999999,3603584.0,1199647.1789999998,184503.0103333333,105027.21566666667,3.706290618488599,1.2699514296810408,1.0002470373559342,1.447119683314534,2.1111322665870222,1.7578220328417105,151.533
73,out.wikipedia_link_de,356462.599,1289825.605,3602844.0,323439.973,97377.392,70320.072,metis-16,1199059.9303333333,2094529.9239999999,3603584.0,1199647.1789999998,184503.0103333333,105027.21566666667,3.3637748636101183,1.623886140793429,1.0002053932948527,3.709025720825174,1.8947212134551037,1.4935595581680672,132.536
74,out.wikipedia_link_de,678615.497,1924507.091,3603659.0,1293515.422,152625.062,47892.47,slashburn,1199059.9303333333,2094529.9239999999,3603584.0,1199647.1789999998,184503.0103333333,105027.21566666667,1.7669209377535529,1.0883461712326836,0.9999791878199352,0.9274316785068835,1.2088644414986924,2.1929797245092324,45.661
75,out.wikipedia_link_de,528817.838,2125928.226,3603222.0,1281945.344,127883.484,76516.798,degsort,1199059.9303333333,2094529.9239999999,3603584.0,1199647.1789999998,184503.0103333333,105027.21566666667,2.2674347273688853,0.985230779846657,1.0001004656388088,0.9358021265218619,1.442743070194532,1.3726033813734166,41.18
76,out.wikipedia_link_de,1216612.989,2108916.879,3603696.0,1202728.609,181069.068,108354.016,ldg,1199059.9303333333,2094529.9239999999,3603584.0,1199647.1789999998,184503.0103333333,105027.21566666667,0.9855721919580239,0.9931780360130541,0.9999689207968707,0.997437967321188,1.0189648202824644,0.9692969355807418,48.298
77,out.wikipedia_link_de,603643.015,1929495.938,3603706.0,1168612.589,149249.967,53835.027,rcm,1199059.9303333333,2094529.9239999999,3603584.0,1199647.1789999998,184503.0103333333,105027.21566666667,1.9863725754092147,1.0855321759169205,0.9999661459619625,1.0265567821980737,1.2362013475911409,1.9509085723439252,40.775
78,out.wikipedia_link_de,519477.89,2067490.518,3603567.0,1192580.142,125755.165,78535.419,hubcluster,1199059.9303333333,2094529.9239999999,3603584.0,1199647.1789999998,184503.0103333333,105027.21566666667,2.3082020494333904,1.0130783700164956,1.0000047175479185,1.0059258382318426,1.467160496615255,1.337322917531855,42.196
79,out.wikipedia_link_de,421796.844,1356920.11,3601909.0,342813.187,98577.582,75365.652,rabbit,1199059.9303333333,2094529.9239999999,3603584.0,1199647.1789999998,184503.0103333333,105027.21566666667,2.8427427738964623,1.5435911875460375,1.000465031182076,3.4994195803792105,1.8716528300859856,1.3935687263299557,13.909
80,out.wikipedia_link_de,550260.276,1965505.966,3603709.0,1209808.741,146687.388,55062.012,gorder,1199059.9303333333,2094529.9239999999,3603584.0,1199647.1789999998,184503.0103333333,105027.21566666667,2.1790777612544456,1.065644144679233,0.999965313514493,0.9916006872362314,1.2577973665556939,1.9074351236323632,266.094
81,out.wikipedia_link_de,335708.985,1244529.471,3602264.0,289606.634,83956.702,67948.529,metis-8192,1199059.9303333333,2094529.9239999999,3603584.0,1199647.1789999998,184503.0103333333,105027.21566666667,3.571724272835097,1.6829894131129017,1.0003664362190001,4.142333213955312,2.197597165421449,1.5456878494995334,224.672
82,out.wikipedia_link_de,389278.153,1311198.83,3602043.0,328390.598,97713.374,71096.264,metis-128,1199059.9303333333,2094529.9239999999,3603584.0,1199647.1789999998,184503.0103333333,105027.21566666667,3.0802137779700507,1.5974159494940976,1.0004278127718076,3.6531106137210414,1.8882063199796306,1.4772536524094526,144.888
83,out.wikipedia_link_de,702073.766,1847617.618,3595054.0,1181114.124,140138.438,50119.862,dfs,1199059.9303333333,2094529.9239999999,3603584.0,1199647.1789999998,184503.0103333333,105027.21566666667,1.7078831148539646,1.1336382071671716,1.0023727042764865,1.015691163642371,1.316576757715348,2.095520846938219,32.129
84,out.wikipedia_link_de,559194.776,2084629.694,3603353.0,1246213.441,137424.572,79063.777,hubsort,1199059.9303333333,2094529.9239999999,3603584.0,1199647.1789999998,184503.0103333333,105027.21566666667,2.1442616808947683,1.004749155223345,1.0000641069581582,0.9626337989400643,1.3425765687182445,1.3283860150858549,42.158
85,reddit,77697.47600000001,169750.439,232943.0,77647.23099999999,3604.898333333333,3604.898333333333,random,77697.47600000001,169750.439,232943.0,77647.23099999999,3604.898333333333,3604.898333333333,1.0,1.0,1.0,1.0,1.0,1.0,0.0
86,reddit,51902.56,155791.074,232845.0,53776.405,2764.434,2764.434,dfs,77697.47600000001,169750.439,232943.0,77647.23099999999,3604.898333333333,3604.898333333333,1.4969873547663162,1.0896031116647928,1.0004208808434796,1.4438903269937808,1.30402763579573,1.30402763579573,28.558
87,reddit,19118.384,133688.024,232854.0,19347.48,2062.918,2062.918,metis-16,77697.47600000001,169750.439,232943.0,77647.23099999999,3604.898333333333,3604.898333333333,4.064019009138011,1.2697505275416443,1.0003822137476701,4.013299458120644,1.7474753399472653,1.7474753399472653,63.781
88,reddit,33420.944,130952.265,186647.0,46678.607,2606.148,2606.148,bfs,77697.47600000001,169750.439,232943.0,77647.23099999999,3604.898333333333,3604.898333333333,2.3248139250644746,1.2962772274309269,1.2480404185440965,1.6634436199006535,1.3832285554516983,1.3832285554516983,22.836
89,reddit,21843.088,140689.761,232882.0,19059.505,2203.571,2203.571,metis-1024,77697.47600000001,169750.439,232943.0,77647.23099999999,3604.898333333333,3604.898333333333,3.557073798356716,1.2065585853116918,1.000261935229,4.073937439613462,1.635934732002433,1.635934732002433,113.63
90,reddit,20379.575,112533.06,232963.0,16153.573,1556.647,1556.647,rabbit,77697.47600000001,169750.439,232943.0,77647.23099999999,3604.898333333333,3604.898333333333,3.8125169931168834,1.5084495080823361,0.9999141494572099,4.806814628565457,2.3158097714724875,2.3158097714724875,11.353
91,reddit,48365.932,165028.692,232964.0,80575.12,3150.052,3150.052,slashburn,77697.47600000001,169750.439,232943.0,77647.23099999999,3604.898333333333,3604.898333333333,1.6064505073529858,1.0286116731749895,0.9999098573170103,0.9636626169467696,1.1443932777406,1.1443932777406,31.849
92,reddit,10704.505,112832.238,232379.0,27309.637,2068.65,2068.65,minla,77697.47600000001,169750.439,232943.0,77647.23099999999,3604.898333333333,3604.898333333333,7.2583903692884455,1.5044498098141066,1.002427069571691,2.8432172496470747,1.742633279352879,1.742633279352879,525.7
93,reddit,37085.978,155208.373,231655.0,69320.854,3175.077,3175.077,degsort,77697.47600000001,169750.439,232943.0,77647.23099999999,3604.898333333333,3604.898333333333,2.0950634226229656,1.0936938241083167,1.0055599922298246,1.1201135952537453,1.1353735148260444,1.1353735148260444,24.53
94,reddit,19257.094,135505.544,232898.0,19069.657,2104.064,2104.064,metis-128,77697.47600000001,169750.439,232943.0,77647.23099999999,3604.898333333333,3604.898333333333,4.034745637114302,1.2527195123470374,1.000193217631753,4.071768621742907,1.7133026054974247,1.7133026054974247,72.286
95,reddit,33304.432,132047.03,186702.0,47027.602,2625.872,2625.872,rcm,77697.47600000001,169750.439,232943.0,77647.23099999999,3604.898333333333,3604.898333333333,2.332947038400175,1.2855301554302283,1.2476727619414896,1.6510990928263787,1.3728385592798633,1.3728385592798633,35.451
96,reddit,47887.416,165788.255,232959.0,71045.268,3415.782,3415.782,hubsort,77697.47600000001,169750.439,232943.0,77647.23099999999,3604.898333333333,3604.898333333333,1.6225029974471794,1.0238990632961305,0.9999313183864972,1.0929261467491402,1.0553654575535947,1.0553654575535947,24.888
97,reddit,22612.712,145652.539,232855.0,18640.153,2253.469,2253.469,metis-8192,77697.47600000001,169750.439,232943.0,77647.23099999999,3604.898333333333,3604.898333333333,3.4360087370325156,1.1654478539505584,1.0003779175881986,4.165589788882097,1.5997106387233786,1.5997106387233786,367.959
98,reddit,43587.54,159845.03,232135.0,62901.344,3042.905,3042.905,hubcluster,77697.47600000001,169750.439,232943.0,77647.23099999999,3604.898333333333,3604.898333333333,1.782561621968113,1.0619688269319354,1.0034807331940465,1.234428806481464,1.1846897400126961,1.1846897400126961,24.623
99,reddit,76151.023,168799.513,232949.0,74122.675,3541.283,3541.283,ldg,77697.47600000001,169750.439,232943.0,77647.23099999999,3604.898333333333,3604.898333333333,1.0203077114275931,1.0056334641202431,0.9999742432893036,1.0475503076487727,1.0179639224917447,1.0179639224917447,42.897
100,reddit,50218.329,151248.751,232954.0,62027.034,3096.789,3096.789,gorder,77697.47600000001,169750.439,232943.0,77647.23099999999,3604.898333333333,3604.898333333333,1.547193575477193,1.1223262200690836,0.9999527803772419,1.2518288557856883,1.1640761877329495,1.1640761877329495,119.083
101,reddit,22771.209,135084.183,232864.0,18433.265,2034.178,2034.178,metis-65536,77697.47600000001,169750.439,232943.0,77647.23099999999,3604.898333333333,3604.898333333333,3.412092700040653,1.2566270545530858,1.0003392538133846,4.212342794399147,1.7721646450474506,1.7721646450474506,1009.487
102,soc-pokec-relationships,544304.7766666667,1024004.1193333333,1632593.0,544265.625,107977.83666666667,99831.743,random,544304.7766666667,1024004.1193333333,1632593.0,544265.625,107977.83666666667,99831.743,1.0,1.0,1.0,1.0,1.0,1.0,0.0
103,soc-pokec-relationships,139954.272,649552.963,1632320.0,155190.661,53868.271,48503.365,metis-65536,544304.7766666667,1024004.1193333333,1632593.0,544265.625,107977.83666666667,99831.743,3.8891615731934697,1.576475172407663,1.0001672466183102,3.507077175217393,2.0044793467877717,2.058243649693171,131.714
104,soc-pokec-relationships,329974.026,930760.413,1631073.0,516477.807,88414.688,81392.829,hubsort,544304.7766666667,1024004.1193333333,1632593.0,544265.625,107977.83666666667,99831.743,1.6495382477973182,1.1001801376927849,1.0009319018829936,1.05380254025126,1.2212658225595578,1.2265422424375987,16.409
105,soc-pokec-relationships,324590.726,1004863.491,1632774.0,546701.461,70005.901,80671.986,degsort,544304.7766666667,1024004.1193333333,1632593.0,544265.625,107977.83666666667,99831.743,1.6768956506374944,1.01904798861215,0.9998891457115314,0.9955444860243385,1.5424104986044915,1.2375019873689486,15.712
106,soc-pokec-relationships,131738.198,630875.748,1632137.0,142468.973,55563.19,49787.634,metis-128,544304.7766666667,1024004.1193333333,1632593.0,544265.625,107977.83666666667,99831.743,4.131715667362223,1.6231470659311718,1.0002793883111527,3.8202396882582987,1.9433340070407525,2.005151379557422,51.871
107,soc-pokec-relationships,425254.876,1004054.881,1632781.0,592525.238,85214.868,62978.57,slashburn,544304.7766666667,1024004.1193333333,1632593.0,544265.625,107977.83666666667,99831.743,1.279949525297546,1.0198686732277669,0.9998848590227348,0.9185526456849421,1.2671243786549862,1.5851700507013735,13.599
108,soc-pokec-relationships,296191.571,898424.41,1630469.0,481785.138,83567.037,79035.535,hubcluster,544304.7766666667,1024004.1193333333,1632593.0,544265.625,107977.83666666667,99831.743,1.837678144685173,1.139777713000177,1.0013026926608233,1.1296853764717,1.2921103887728684,1.2631247830485364,16.626
109,soc-pokec-relationships,377903.58,951934.428,1626646.0,510048.859,83666.959,62708.216,dfs,544304.7766666667,1024004.1193333333,1632593.0,544265.625,107977.83666666667,99831.743,1.4403271243597817,1.0757086719562718,1.0036559890719923,1.0670852711387009,1.290567243715248,1.5920041960689808,5.943
110,soc-pokec-relationships,299015.746,840445.419,1632681.0,422681.329,84427.182,68857.033,rcm,544304.7766666667,1024004.1193333333,1632593.0,544265.625,107977.83666666667,99831.743,1.820321451120727,1.2184064499414367,0.9999461009223479,1.2876500277115386,1.278946354820497,1.449840904414223,8.002
111,soc-pokec-relationships,132407.48,611077.752,1630993.0,144900.474,55465.939,49188.56,metis-8192,544304.7766666667,1024004.1193333333,1632593.0,544265.625,107977.83666666667,99831.743,4.110831024551382,1.6757345787534634,1.000980997465961,3.756134193184213,1.9467413445694424,2.0295723843104985,69.894
112,soc-pokec-relationships,539675.488,1018398.607,1632419.0,535999.873,107125.549,98837.789,ldg,544304.7766666667,1024004.1193333333,1632593.0,544265.625,107977.83666666667,99831.743,1.0085779116702567,1.0055042419488829,1.000106590281049,1.0154211827583772,1.0079559701175176,1.0100564167820467,11.407
113,soc-pokec-relationships,133045.205,615736.706,1632017.0,145638.68,56562.108,49743.055,metis-1024,544304.7766666667,1024004.1193333333,1632593.0,544265.625,107977.83666666667,99831.743,4.091126596157049,1.6630551814679915,1.0003529375000384,3.7370952895206138,1.909013657458924,2.006948366962986,53.348
114,soc-pokec-relationships,125894.253,564913.892,1632664.0,137607.567,50614.211,44569.566,metis-16,544304.7766666667,1024004.1193333333,1632593.0,544265.625,107977.83666666667,99831.743,4.323507735231304,1.8126729291573755,0.9999565127913643,3.955201279011059,2.133350190259148,2.239908349118769,40.953
115,soc-pokec-relationships,298019.787,914668.892,1632691.0,451841.388,79416.189,66644.933,gorder,544304.7766666667,1024004.1193333333,1632593.0,544265.625,107977.83666666667,99831.743,1.82640482414232,1.1195353075737196,0.9999399763947985,1.2045501794536804,1.359645155809059,1.497964488913208,102.435
116,soc-pokec-relationships,288892.219,820889.376,1627197.0,411896.983,82546.675,68035.07,bfs,544304.7766666667,1024004.1193333333,1632593.0,544265.625,107977.83666666667,99831.743,1.8841102005127621,1.2474325399642319,1.0033161319741863,1.3213634657770728,1.308082205208952,1.467357099801617,5.527
117,soc-pokec-relationships,169224.526,719249.86,1632048.0,286329.971,54123.871,60621.888,minla,544304.7766666667,1024004.1193333333,1632593.0,544265.625,107977.83666666667,99831.743,3.216465068820265,1.423711252906373,1.0003339362567767,1.9008335840609574,1.9950131923614014,1.6467936960326937,45.256
118,soc-pokec-relationships,187661.859,701344.111,1632759.0,175109.719,60747.41,55463.968,rabbit,544304.7766666667,1024004.1193333333,1632593.0,544265.625,107977.83666666667,99831.743,2.9004549969137137,1.4600594818901007,0.9998983315970085,3.108140588130348,1.7774887302465514,1.7999387097583786,5.047
119,web-BerkStan,228857.09100000001,416841.4993333334,685018.3333333334,228181.4136666667,56410.064333333336,63113.03200000001,random,228857.09100000001,416841.4993333334,685018.3333333334,228181.4136666667,56410.064333333336,63113.03200000001,1.0,1.0,1.0,1.0,1.0,1.0,0.0
120,web-BerkStan,215801.996,309308.687,683379.0,180678.911,15690.888,22080.96,gorder,228857.09100000001,416841.4993333334,685018.3333333334,228181.4136666667,56410.064333333336,63113.03200000001,1.0604957101508923,1.347655325740442,1.002398864075913,1.2629111632550558,3.595084251020932,2.8582558004724437,3.464
121,web-BerkStan,216158.037,382281.081,685192.0,200297.885,43612.269,51831.863,ldg,228857.09100000001,416841.4993333334,685018.3333333334,228181.4136666667,56410.064333333336,63113.03200000001,1.0587489328467579,1.0904057774528826,0.9997465430614096,1.139210300032208,1.293444840793157,1.2176493057947775,2.313
122,web-BerkStan,79464.956,156281.34,685061.0,74459.588,4982.562,9876.765,dfs,228857.09100000001,416841.4993333334,685018.3333333334,228181.4136666667,56410.064333333336,63113.03200000001,2.8799750546643477,2.667250609275128,0.9999377184416182,3.064500083812802,11.321497722122341,6.39005099341738,1.402
123,web-BerkStan,117331.4,317361.178,683716.0,172698.913,22365.178,47447.186,degsort,228857.09100000001,416841.4993333334,685018.3333333334,228181.4136666667,56410.064333333336,63113.03200000001,1.950518710251476,1.3134609026858772,1.001904786977829,1.321267225733301,2.522227381035525,1.3301743964331205,5.89
124,web-BerkStan,8714.491,34277.907,681576.0,9978.809,1717.171,4090.557,metis-128,228857.09100000001,416841.4993333334,685018.3333333334,228181.4136666667,56410.064333333336,63113.03200000001,26.26167047507422,12.160646195035579,1.0050505495107418,22.866597974434296,32.85058059641896,15.4289579634265,3.698
125,web-BerkStan,8965.002,31189.516,670534.0,9971.277,2157.023,3775.827,metis-8192,228857.09100000001,416841.4993333334,685018.3333333334,228181.4136666667,56410.064333333336,63113.03200000001,25.52783490734302,13.364795379746624,1.021601191488177,22.8838707085027,26.151814020218296,16.715022166004957,14.553
126,web-BerkStan,117885.15,192056.159,685022.0,99233.788,9110.881,14328.238,rcm,228857.09100000001,416841.4993333334,685018.3333333334,228181.4136666667,56410.064333333336,63113.03200000001,1.9413564049415895,2.170414640716278,0.9999946473738557,2.2994326656830504,6.191504897641988,4.404800646108755,1.584
127,web-BerkStan,257289.737,399365.235,685229.0,273782.514,40046.958,30276.279,slashburn,228857.09100000001,416841.4993333334,685018.3333333334,228181.4136666667,56410.064333333336,63113.03200000001,0.889491721156371,1.0437601042898323,0.9996925602000695,0.8334404207664872,1.4085979847291605,2.084570300068909,2.07
128,web-BerkStan,6939.358,36750.495,626231.0,5271.212,779.515,3410.548,rabbit,228857.09100000001,416841.4993333334,685018.3333333334,228181.4136666667,56410.064333333336,63113.03200000001,32.97957692916261,11.342473056031855,1.093874837453485,43.288225490962354,72.36559185305393,18.505246664172446,1.167
129,web-BerkStan,94907.257,247209.132,673996.0,118253.128,17626.609,29540.603,hubcluster,228857.09100000001,416841.4993333334,685018.3333333334,228181.4136666667,56410.064333333336,63113.03200000001,2.411376097404227,1.6861897291615158,1.0163537073414877,1.9296015042127823,3.2002788700500098,2.1364842146248675,4.686
130,web-BerkStan,121521.242,295682.52,685065.0,137637.415,20757.17,37070.13,hubsort,228857.09100000001,416841.4993333334,685018.3333333334,228181.4136666667,56410.064333333336,63113.03200000001,1.8832682026077385,1.4097603718114056,0.9999318799432658,1.6578443707814963,2.717618265559965,1.7025306358515606,5.645
131,web-BerkStan,105952.123,182566.895,685220.0,95340.933,8385.822,14035.717,bfs,228857.09100000001,416841.4993333334,685018.3333333334,228181.4136666667,56410.064333333336,63113.03200000001,2.160004769323971,2.283226098210924,0.9997056906297734,2.39332054435283,6.726837790419751,4.496601919232199,1.371
132,web-BerkStan,8578.828,28200.45,666611.0,7704.801,1473.611,3593.711,metis-16,228857.09100000001,416841.4993333334,685018.3333333334,228181.4136666667,56410.064333333336,63113.03200000001,26.67696461567944,14.78137757849018,1.0276133057110268,29.615484380020547,38.28015964412137,17.562077751939434,3.433
133,web-BerkStan,19058.692,68180.038,681382.0,19887.233,2284.729,8147.269,minla,228857.09100000001,416841.4993333334,685018.3333333334,228181.4136666667,56410.064333333336,63113.03200000001,12.008016657176684,6.113834951710255,1.0053367029556597,11.473763779338569,24.690046098829814,7.746526105864432,5.388
134,web-BerkStan,10172.641,73302.988,683693.0,15597.625,3978.376,9145.091,metis-65536,228857.09100000001,416841.4993333334,685018.3333333334,228181.4136666667,56410.064333333336,63113.03200000001,22.497313234586773,5.686555360244434,1.0019384918864658,14.629240904731757,14.179168669158805,6.901301692897316,30.212
135,web-BerkStan,9496.961,29593.555,678811.0,8463.249,1759.774,3651.394,metis-1024,228857.09100000001,416841.4993333334,685018.3333333334,228181.4136666667,56410.064333333336,63113.03200000001,24.09792890588895,14.08555002375799,1.0091444206610285,26.96144396397491,32.055289107199755,17.28464033188421,7.038
